place_id,place_name,review_id,reviewer_name,rating,review_text,published_at,published_at_date,response_from_owner_text,response_from_owner_ago,response_from_owner_date,review_likes_count,total_number_of_reviews_by_reviewer,total_number_of_photos_by_reviewer,reviewer_url,is_local_guide,review_translated_text,response_from_owner_translated_text
ChIJYZf0HXIVrjsRnjGnQ4DgDw4,Wyzmindz Solutions,ChdDSUhNMG9nS0VJQ0FnSUNWa3FHcjNBRRAB,Vivek Cr,3,,3 weeks ago,2023-12-06 21:45:26.959766,,,,0,12,,https://www.google.com/maps/contrib/103293886887604791041/reviews?entry=ttu,False,,
ChIJYZf0HXIVrjsRnjGnQ4DgDw4,Wyzmindz Solutions,ChZDSUhNMG9nS0VJQ0FnSURsM3NmTkVnEAE,Teja Amarnath,4,Good,3 weeks ago,2023-12-06 21:45:26.964765,,,,0,30,,https://www.google.com/maps/contrib/110172811557003016562/reviews?entry=ttu,True,,
ChIJYZf0HXIVrjsRnjGnQ4DgDw4,Wyzmindz Solutions,ChZDSUhNMG9nS0VJQ0FnSUNGdUliWGF3EAE,Dheerendra Gaurav,5,"WyzMindz is more than just a workplace; its a second home, where the commitment to employee well-being, continuous growth, and a strong sense of belonging make it a truly exceptional place to work.",a month ago,2023-11-27 21:45:26.967764,,,,0,3,,https://www.google.com/maps/contrib/106512430474471225764/reviews?entry=ttu,False,,
ChIJYZf0HXIVrjsRnjGnQ4DgDw4,Wyzmindz Solutions,ChZDSUhNMG9nS0VJQ0FnSUQ1bjR6eFR3EAE,Sunita Puri,5,"The day Ive joined this organization, I wasnt quite sure what its gonna bring up to me and I came with the same mindset that I had in my last organization which was to be in your lane and complete every days monotonous, expected work. I never really felt the need to push myself out of the comfort zone and to learn something new. For me, its been such a inspiring experience since the time Ive joined and every days uncertainty is eventually teaching me something new in all aspects of my life. Seeing women of the organization handling and doing their work so graciously and confidently has been fascinating, looking forward it always. And the irony is whenever I second guess my calibre before doing something which  either I havent been accustomed to or havent done before, our supervisors are always there to motivate us and sort out things for us. And as Sachin Sir said-Agree to disagree This particular statement has been immensely helpful for me in reducing my overthinking, move forward and be mindful generally and professionally. So far its been a Wyz decision to join Wyzmindz.",2 months ago,2023-10-27 21:45:26.969765,,,,2,2,,https://www.google.com/maps/contrib/115526291721412307270/reviews?entry=ttu,False,,
ChIJYZf0HXIVrjsRnjGnQ4DgDw4,Wyzmindz Solutions,ChZDSUhNMG9nS0VJQ0FnSUNGME42OEVnEAE,intekhab arif,5,The best thing I experienced here is light mantra which done every morning in our office is a best way to start the day.,2 months ago,2023-10-27 21:45:26.971765,,,,0,7,1,https://www.google.com/maps/contrib/110767281656043441287/reviews?entry=ttu,False,,
ChIJYZf0HXIVrjsRnjGnQ4DgDw4,Wyzmindz Solutions,ChdDSUhNMG9nS0VJQ0FnSUNGb1BMS3lnRRAB,Ritambhara Pandey,5,,2 months ago,2023-10-27 21:45:26.973765,,,,0,1,,https://www.google.com/maps/contrib/110665502611428123960/reviews?entry=ttu,False,,
ChIJYZf0HXIVrjsRnjGnQ4DgDw4,Wyzmindz Solutions,ChZDSUhNMG9nS0VJQ0FnSUNGd0x5NVV3EAE,Amit Verma,5,"I thoroughly enjoyed my time working at Wyzmindz. The company provided a stimulating and collaborative environment that allowed me to grow both professionally and personally. It was a rewarding experience, and I appreciated the opportunities and challenges that came with it.",2 months ago,2023-10-27 21:45:26.975765,,,,0,1,,https://www.google.com/maps/contrib/113122389899591820611/reviews?entry=ttu,False,,
ChIJYZf0HXIVrjsRnjGnQ4DgDw4,Wyzmindz Solutions,ChdDSUhNMG9nS0VJQ0FnSUNGZ09fUXhRRRAB,Kritika Sharma,5,,2 months ago,2023-10-27 21:45:26.977765,,,,0,3,,https://www.google.com/maps/contrib/108385927362888261199/reviews?entry=ttu,False,,
ChIJYZf0HXIVrjsRnjGnQ4DgDw4,Wyzmindz Solutions,ChZDSUhNMG9nS0VJQ0FnSUQ1bjRxWGJnEAE,Soni Goswami,5,,2 months ago,2023-10-27 21:45:26.980829,,,,0,2,,https://www.google.com/maps/contrib/105802521215140472069/reviews?entry=ttu,False,,
ChIJYZf0HXIVrjsRnjGnQ4DgDw4,Wyzmindz Solutions,ChZDSUhNMG9nS0VJQ0FnSUQ1bi1MVUdnEAE,Madhuri parmar,5,,2 months ago,2023-10-27 21:45:26.984873,,,,0,1,,https://www.google.com/maps/contrib/105834991070767113749/reviews?entry=ttu,False,,
ChIJYZf0HXIVrjsRnjGnQ4DgDw4,Wyzmindz Solutions,ChdDSUhNMG9nS0VJQ0FnSUQ1bl95d3JBRRAB,Aditya,5,,2 months ago,2023-10-27 21:45:27.549681,,,,0,3,,https://www.google.com/maps/contrib/104520299588967315022/reviews?entry=ttu,False,,
ChIJYZf0HXIVrjsRnjGnQ4DgDw4,Wyzmindz Solutions,ChdDSUhNMG9nS0VJQ0FnSUQ1NzlYWmtRRRAB,deeksha singh,5,,2 months ago,2023-10-27 21:45:27.551772,,,,0,,,,,,
ChIJYZf0HXIVrjsRnjGnQ4DgDw4,Wyzmindz Solutions,ChZDSUhNMG9nS0VJQ0FnSUQ1NzVyQktREAE,babita kumari,5,,2 months ago,2023-10-27 21:45:27.553779,,,,0,,,,,,
ChIJYZf0HXIVrjsRnjGnQ4DgDw4,Wyzmindz Solutions,ChdDSUhNMG9nS0VJQ0FnSUQ1NzZTSTJBRRAB,SUDEEP KUMAR SHARMA,5,,2 months ago,2023-10-27 21:45:27.555782,,,,0,17,2,https://www.google.com/maps/contrib/101575554782880437658/reviews?entry=ttu,True,,
ChIJYZf0HXIVrjsRnjGnQ4DgDw4,Wyzmindz Solutions,ChZDSUhNMG9nS0VJQ0FnSUQ1NzdEblVnEAE,The Rich Studios,5,Nice place to work with . Its a learning company,2 months ago,2023-10-27 21:45:27.557780,,,,0,2,,https://www.google.com/maps/contrib/102240756854195248294/reviews?entry=ttu,False,,
ChIJYZf0HXIVrjsRnjGnQ4DgDw4,Wyzmindz Solutions,ChdDSUhNMG9nS0VJQ0FnSUQ1emJQTW5nRRAB,AnKeSh KaPoOr,1,Its a totally fake company dont work with this type of company..,2 months ago,2023-10-27 21:45:27.559772,"Dear sir, We dont find your name in our employee database, client or visitor directory. Kindly let us know your concern. You may drop a mail with details to Hello@WyzMindz.com. We will be happy to help you. Best regards, Team WyzMindz",2 months ago,2023-10-27 21:45:27.559772,0,11,,https://www.google.com/maps/contrib/113994689229333961362/reviews?entry=ttu,True,,
ChIJYZf0HXIVrjsRnjGnQ4DgDw4,Wyzmindz Solutions,ChZDSUhNMG9nS0VJQ0FnSUNac3Z5alV3EAE,Rajiv98 Sujanix,1,Very poor experience.,3 months ago,2023-09-27 21:45:27.562727,"Greetings !! We dont see your GMAIL ID in our employee or customer database. Kindly share your concerns on hello@wyzmindz.com. Well be happy to help you. Best Regards, Team WyzMindz",3 months ago,2023-09-27 21:45:27.562727,0,6,,https://www.google.com/maps/contrib/107387089868864060333/reviews?entry=ttu,False,,
ChIJYZf0HXIVrjsRnjGnQ4DgDw4,Wyzmindz Solutions,ChZDSUhNMG9nS0VJQ0FnSURwX05hTlpBEAE,Ayesha S,5,"Anybody please provide contact number, its not available on Google",4 months ago,2023-08-27 21:45:27.565780,,,,0,13,,https://www.google.com/maps/contrib/110302833234775097335/reviews?entry=ttu,True,,
ChIJYZf0HXIVrjsRnjGnQ4DgDw4,Wyzmindz Solutions,ChdDSUhNMG9nS0VJQ0FnSUNwbFpIbWpRRRAB,Riya Ramesh,5,,4 months ago,2023-08-27 21:45:27.567778,,,,0,,,,,,
ChIJYZf0HXIVrjsRnjGnQ4DgDw4,Wyzmindz Solutions,ChdDSUhNMG9nS0VJQ0FnSUNwaUlIV3VRRRAB,Mallikarjun Saunshi,5,,5 months ago,2023-07-27 21:45:27.569773,,,,0,4,,https://www.google.com/maps/contrib/111987372601071374200/reviews?entry=ttu,False,,
ChIJYZf0HXIVrjsRnjGnQ4DgDw4,Wyzmindz Solutions,ChZDSUhNMG9nS0VJQ0FnSURKdTctZEpnEAE,PRANAM K,4,,5 months ago,2023-07-27 21:45:28.195788,,,,0,7,11,https://www.google.com/maps/contrib/109648457272536822075/reviews?entry=ttu,True,,
ChIJYZf0HXIVrjsRnjGnQ4DgDw4,Wyzmindz Solutions,ChdDSUhNMG9nS0VJQ0FnSURSbjZ1MXNRRRAB,Kishor Kumar,5,,7 months ago,2023-05-27 21:45:28.197787,,,,0,2,,https://www.google.com/maps/contrib/111706696393854189564/reviews?entry=ttu,False,,
ChIJYZf0HXIVrjsRnjGnQ4DgDw4,Wyzmindz Solutions,ChZDSUhNMG9nS0VJQ0FnSURSa2VuTkhREAE,Mrs Puspo Nath,5,,8 months ago,2023-04-27 21:45:28.199975,,,,0,7,3,https://www.google.com/maps/contrib/105857455306978583142/reviews?entry=ttu,False,,
ChIJYZf0HXIVrjsRnjGnQ4DgDw4,Wyzmindz Solutions,ChZDSUhNMG9nS0VJQ0FnSUNSc09yQWRBEAE,Hezel Deena Dsouza,5,,9 months ago,2023-03-27 21:45:28.201973,,,,0,,,,,,
ChIJYZf0HXIVrjsRnjGnQ4DgDw4,Wyzmindz Solutions,ChZDSUhNMG9nS0VJQ0FnSURoN19MZWJBEAE,Kavya Sunku,5,Best company for freshers to learn and build their career....they will comfotable us with our needs...,9 months ago,2023-03-27 21:45:28.204112,Thanks Kavya,3 months ago,2023-09-27 21:45:28.204112,0,1,,https://www.google.com/maps/contrib/104926410414029775588/reviews?entry=ttu,False,,
ChIJYZf0HXIVrjsRnjGnQ4DgDw4,Wyzmindz Solutions,ChZDSUhNMG9nS0VJQ0FnSUNSd05TRUpBEAE,Muhammad Zeeshan Pathan,4,Wyzmindz Solutions is a company where the employee can learn new things take new knowledge gain great experience to improve their carrier path which will build the Skills and the way of intelligent work.,9 months ago,2023-03-27 21:45:28.206133,Thanks Zeeshan !!,3 months ago,2023-09-27 21:45:28.206133,0,2,,https://www.google.com/maps/contrib/113863387552679465298/reviews?entry=ttu,False,,Thanks Zeeshan!!
ChIJYZf0HXIVrjsRnjGnQ4DgDw4,Wyzmindz Solutions,ChdDSUhNMG9nS0VJQ0FnSUNSZ1A2STlRRRAB,Saroj Ji,5,Amazing workplace for work.,9 months ago,2023-03-27 21:45:28.209278,,,,0,1,,https://www.google.com/maps/contrib/110082844082456688992/reviews?entry=ttu,False,,
ChIJYZf0HXIVrjsRnjGnQ4DgDw4,Wyzmindz Solutions,ChdDSUhNMG9nS0VJQ0FnSURoNzVLLXdnRRAB,pavan kalyan,5,"An excellent, friendly, and supportive environment is provided where everyone is willing to assist with your work. You never feel isolated while working here. A lot can be learned under the guidance of the leadership panel. All employees have access to an internal learning app that provides opportunities for learning and facilitates transition.",9 months ago,2023-03-27 21:45:28.211299,,,,0,1,,https://www.google.com/maps/contrib/104894932911790927419/reviews?entry=ttu,False,,
ChIJYZf0HXIVrjsRnjGnQ4DgDw4,Wyzmindz Solutions,ChZDSUhNMG9nS0VJQ0FnSURhb09Da1d3EAE,Ammy Randhawa,5,Worked in Admin department for 2 years. Flexible work culture. Management is approachable. Currently working as Data Analyst after internal job posting and training.,9 months ago,2023-03-27 21:45:28.213300,,,,0,1,,https://www.google.com/maps/contrib/103567899089016347032/reviews?entry=ttu,False,,
ChIJYZf0HXIVrjsRnjGnQ4DgDw4,Wyzmindz Solutions,ChdDSUhNMG9nS0VJQ0FnSURoNy0yNXFRRRAB,Lucky,5,Great company with amazing opportunities for career growth,9 months ago,2023-03-27 21:45:28.215476,,,,0,1,,https://www.google.com/maps/contrib/113402155206066783380/reviews?entry=ttu,False,,
ChIJYZf0HXIVrjsRnjGnQ4DgDw4,Wyzmindz Solutions,ChdDSUhNMG9nS0VJQ0FnSURoN19XRXdnRRAB,Priyanshu Prajapati,5,"My overall experience with the company through the last 4 years working there have been great. It great work environment, where people arent only compensated fairly for there work, but given many opportunists to grow and learn new things in there field of work",9 months ago,2023-03-27 21:45:28.877909,,,,0,1,,https://www.google.com/maps/contrib/113707052191364529243/reviews?entry=ttu,False,,
ChIJYZf0HXIVrjsRnjGnQ4DgDw4,Wyzmindz Solutions,ChdDSUhNMG9nS0VJQ0FnSURoNzlMMTB3RRAB,Sreenath v,5,Excellent learning environment. You can learn and grow within the company. Options for carrier transit is open internally.,9 months ago,2023-03-27 21:45:28.880906,,,,0,2,,https://www.google.com/maps/contrib/103418520922812676198/reviews?entry=ttu,False,,
ChIJYZf0HXIVrjsRnjGnQ4DgDw4,Wyzmindz Solutions,ChdDSUhNMG9nS0VJQ0FnSURhb3I2RTV3RRAB,Askar Nawaz Khan ( s r),5,Excellent friendly and helping environment. Every one is there to back your work. never felt alone working here. Under the guidance of leadership panel you will learn a lot. There is an internal learning app that is access to all employees which gives you opportunity to learn and help you transit.,9 months ago,2023-03-27 21:45:28.882904,,,,1,23,8,https://www.google.com/maps/contrib/117033931936784453160/reviews?entry=ttu,True,,
ChIJYZf0HXIVrjsRnjGnQ4DgDw4,Wyzmindz Solutions,ChdDSUhNMG9nS0VJQ0FnSURoNzRpOTdRRRAB,Ritu Ramesh,5,,9 months ago,2023-03-27 21:45:28.885905,,,,0,,,,,,
ChIJYZf0HXIVrjsRnjGnQ4DgDw4,Wyzmindz Solutions,ChZDSUhNMG9nS0VJQ0FnSURoOTZldVd3EAE,Muheeb Hasan,5,Great place to work,9 months ago,2023-03-27 21:45:28.887080,,,,0,7,1,https://www.google.com/maps/contrib/104999472677171368231/reviews?entry=ttu,False,,
ChIJYZf0HXIVrjsRnjGnQ4DgDw4,Wyzmindz Solutions,ChdDSUhNMG9nS0VJQ0FnSURoOS1HWnN3RRAB,Sangeeta Nayak,5,"Positive work environment. The most beautiful part is that you are free to learn any skill as per your interest, and you will get all the support from team members, which creates a culture of growth and development where employees feel valued and empowered to reach their full potential.",9 months ago,2023-03-27 21:45:28.889079,,,,1,16,58,https://www.google.com/maps/contrib/108728114923968712093/reviews?entry=ttu,True,,
ChIJYZf0HXIVrjsRnjGnQ4DgDw4,Wyzmindz Solutions,ChdDSUhNMG9nS0VJQ0FnSURoOTZMVG93RRAB,Avishek Mitra,5,Its a great place to learn and enhance your skills. Thanks wyzmindz solutions for giving me a chance to start my career.,9 months ago,2023-03-27 21:45:28.892236,,,,0,22,77,https://www.google.com/maps/contrib/113910711154344989359/reviews?entry=ttu,True,,
ChIJYZf0HXIVrjsRnjGnQ4DgDw4,Wyzmindz Solutions,ChdDSUhNMG9nS0VJQ0FnSURoOS15ZTdRRRAB,vignesh s,5,,9 months ago,2023-03-27 21:45:28.894236,,,,0,3,,https://www.google.com/maps/contrib/109564653049946566273/reviews?entry=ttu,True,,
ChIJYZf0HXIVrjsRnjGnQ4DgDw4,Wyzmindz Solutions,ChdDSUhNMG9nS0VJQ0FnSUNhXzdUYV9RRRAB,Pratima Prasad,5,Worked for 2 years & have joined back again after 6 months. Currently working in Data Analytics department and was given work from home options even before covid period on special request because of my family requirement. Management is always approachable.,9 months ago,2023-03-27 21:45:28.896367,,,,1,3,,https://www.google.com/maps/contrib/104815763390023948729/reviews?entry=ttu,False,,
ChIJYZf0HXIVrjsRnjGnQ4DgDw4,Wyzmindz Solutions,ChdDSUhNMG9nS0VJQ0FnSURoOV9pdHFRRRAB,Rahul Singhania,5,"Wyzmindz Solutions Private Limited in Bengaluru is an amazing organization to work for. I have had the privilege of being a part of this company and it has been an enriching experience for me. The work culture and environment are truly top-notch, and the management team is highly supportive and approachable. The organization fosters a culture of innovation and encourages employees to think outside the box, which has led to some incredible breakthroughs in the field. The team is highly skilled and passionate about their work, and this reflects in the quality of the solutions we deliver to our clients. The company also believes in nurturing its employees and provides ample opportunities for learning and growth. The training programs and mentorship initiatives have helped me to enhance my skills and knowledge, and progress in my career. Overall, I highly recommend Wyzmindz Solutions Private Limited in Bengaluru to anyone who is looking for a challenging and rewarding work experience. The organizations commitment to excellence, combined with its focus on employee well-being, make it an ideal place to work Regards Rahul Kumar ( QA )",9 months ago,2023-03-27 21:45:28.898398,,,,0,2,,https://www.google.com/maps/contrib/100204566144030020027/reviews?entry=ttu,False,,
ChIJYZf0HXIVrjsRnjGnQ4DgDw4,Wyzmindz Solutions,ChdDSUhNMG9nS0VJQ0FnSURoOTlqS3N3RRAB,Divya C,5,"I am working here from last 2 years, it is very grateful to being part of Wyzmindz team. We have such a good supportive team who will help us to learn & grow.",9 months ago,2023-03-27 21:45:29.581959,,,,0,2,,https://www.google.com/maps/contrib/103007340652297579579/reviews?entry=ttu,False,,
ChIJYZf0HXIVrjsRnjGnQ4DgDw4,Wyzmindz Solutions,ChdDSUhNMG9nS0VJQ0FnSURoOTZpZ2pBRRAB,Pritam Kumar Sahu,5,"I have been with Wyzmindz since last one year and heres my honest reviews on it... Pros :- (1) Great place to work; especially for freshers where most of the companies dont prefer freshers, Wyzmindz invests in them, nurtures them with their expertise. (2) Great place to learn; they promote for online courses of your choice even if its paid. One can surely grow along with his/her work. (3) Supportive and very approachable management. (4) Promote and support work-life-balance. (5) Value each personnel irrespective of the role. (6) Tech. focused leaders who inspire and motivate you always throughout your journey. (7) If you are honest with your job then certainly you will get benefited with big rewards. There are big Tech. Giants that you can work along with and have an experience of your life time that you can never buy with any physical wealth. Cons :- (1) Salary is very low as per the market.",9 months ago,2023-03-27 21:45:29.584240,,,,1,1,,https://www.google.com/maps/contrib/111259389529574733033/reviews?entry=ttu,False,,
ChIJYZf0HXIVrjsRnjGnQ4DgDw4,Wyzmindz Solutions,ChdDSUhNMG9nS0VJQ0FnSURoOTZpSXdRRRAB,Jintu,5,Very nice work place and great team to work with. Provides a lot of  opportunities to improve knowledge and skills,9 months ago,2023-03-27 21:45:29.587250,,,,0,1,,https://www.google.com/maps/contrib/102872895293849071940/reviews?entry=ttu,False,,
ChIJYZf0HXIVrjsRnjGnQ4DgDw4,Wyzmindz Solutions,ChdDSUhNMG9nS0VJQ0FnSURoOThqdGpnRRAB,Richi Nagpal,5,"Great organization to work with, All LOBS/Departments are helpful in getting smooth onboarding of client and helps alot with Analytics in enhancing process. Thanks Wyzmindz.",9 months ago,2023-03-27 21:45:29.591257,,,,1,83,26,https://www.google.com/maps/contrib/103973755838658435634/reviews?entry=ttu,True,,
ChIJYZf0HXIVrjsRnjGnQ4DgDw4,Wyzmindz Solutions,ChdDSUhNMG9nS0VJQ0FnSURoOTRpRXFRRRAB,Daya MrManOnWheels,5,Excellent company to work and to learn new skills.,9 months ago,2023-03-27 21:45:29.595248,,,,0,7,7,https://www.google.com/maps/contrib/106232164055758310245/reviews?entry=ttu,True,,
ChIJYZf0HXIVrjsRnjGnQ4DgDw4,Wyzmindz Solutions,ChdDSUhNMG9nS0VJQ0FnSURodDdfVjF3RRAB,Savita Harnal,5,"Awesome work environment, management is very supportive and encourage you to upskill your talent. Feeling excited working with transmon team and working with wyzmindz.",9 months ago,2023-03-27 21:45:29.599242,,,,0,14,3,https://www.google.com/maps/contrib/107819232878590874616/reviews?entry=ttu,True,,
ChIJYZf0HXIVrjsRnjGnQ4DgDw4,Wyzmindz Solutions,ChZDSUhNMG9nS0VJQ0FnSURodDktUWR3EAE,Sunil Rao,5,,9 months ago,2023-03-27 21:45:29.602243,,,,0,36,,https://www.google.com/maps/contrib/109843294827362378987/reviews?entry=ttu,True,,
ChIJYZf0HXIVrjsRnjGnQ4DgDw4,Wyzmindz Solutions,ChdDSUhNMG9nS0VJQ0FnSURoeGZMYzhRRRAB,Saurabh Mittal,5,Absolute Gem of people .,9 months ago,2023-03-27 21:45:29.606393,,,,0,2,,https://www.google.com/maps/contrib/106221057070406549269/reviews?entry=ttu,False,,
ChIJYZf0HXIVrjsRnjGnQ4DgDw4,Wyzmindz Solutions,ChZDSUhNMG9nS0VJQ0FnSURoaGEtOWJBEAE,sanjotha sanju,5,"very good company to learn, friendly environment and I am great to be here.",9 months ago,2023-03-27 21:45:29.608532,,,,0,2,,https://www.google.com/maps/contrib/115209765075807858551/reviews?entry=ttu,False,,
ChIJYZf0HXIVrjsRnjGnQ4DgDw4,Wyzmindz Solutions,ChdDSUhNMG9nS0VJQ0FnSURoa2FfQmh3RRAB,Jeevan Singh,5,"Wyzmindz is a nice place to work and encourages employees to learn and keep themselves updated with latest technology and applications that are in demand. Engagement with customer from different fields also enhances your knowledge level People are supportive , helpful and understanding.",9 months ago,2023-03-27 21:45:29.610621,,,,0,2,,https://www.google.com/maps/contrib/110173807841517121949/reviews?entry=ttu,False,,
ChIJYZf0HXIVrjsRnjGnQ4DgDw4,Wyzmindz Solutions,ChdDSUhNMG9nS0VJQ0FnSURhZ0s3RDBnRRAB,Asim Aziz,5,Probably one of the best companies that i am working with. The staff is really very helpful and the set of people i am working with are wonderful and very hard working. All of the employees are nice and they have great knowledge in their respective fields. Thank You!!! Its an amazing place to work,9 months ago,2023-03-27 21:45:30.250586,,,,1,55,30,https://www.google.com/maps/contrib/107402299351976672513/reviews?entry=ttu,True,,
ChIJYZf0HXIVrjsRnjGnQ4DgDw4,Wyzmindz Solutions,ChdDSUhNMG9nS0VJQ0FnSURod2ZhbGpnRRAB,Shalini C,5,best experience working learning many new things friendly environment,9 months ago,2023-03-27 21:45:30.253250,,,,0,1,,https://www.google.com/maps/contrib/107457277370459364403/reviews?entry=ttu,False,,
ChIJYZf0HXIVrjsRnjGnQ4DgDw4,Wyzmindz Solutions,ChZDSUhNMG9nS0VJQ0FnSURod2FpVFpBEAE,Mani Gandan,4,I have been working in this company for past 5 months. Great Support from team members.,9 months ago,2023-03-27 21:45:30.256481,,,,0,1,,https://www.google.com/maps/contrib/104225473306605937115/reviews?entry=ttu,False,,
ChIJYZf0HXIVrjsRnjGnQ4DgDw4,Wyzmindz Solutions,ChZDSUhNMG9nS0VJQ0FnSURod2VEWkVREAE,M K,5,"Excellent place to work with. Learning new skills and growing along with the organization is the best part. Friendly management. As a married women every one want to work from home at their comfortability , wyzminds gave that opportunity to me. Its a great privilege to work here. Thank you wyzminds management team.",9 months ago,2023-03-27 21:45:30.258459,,,,0,1,,https://www.google.com/maps/contrib/104730499725703341014/reviews?entry=ttu,False,,
ChIJYZf0HXIVrjsRnjGnQ4DgDw4,Wyzmindz Solutions,ChdDSUhNMG9nS0VJQ0FnSURoZ1plSDZBRRAB,Tharani Jaisy,5,"Great place to work, to learn new things day by day, and for freshers is a great opportunity to learn and develop their skills. I feel happy to work for this organization.",9 months ago,2023-03-27 21:45:30.260628,,,,0,1,,https://www.google.com/maps/contrib/105279906838010904434/reviews?entry=ttu,False,,
ChIJYZf0HXIVrjsRnjGnQ4DgDw4,Wyzmindz Solutions,ChZDSUhNMG9nS0VJQ0FnSURoZ2FLV1VnEAE,Shailesh Yadav,5,Nice Place to Work.,9 months ago,2023-03-27 21:45:30.263550,,,,0,4,1,https://www.google.com/maps/contrib/113225429955492712100/reviews?entry=ttu,True,,
ChIJYZf0HXIVrjsRnjGnQ4DgDw4,Wyzmindz Solutions,ChdDSUhNMG9nS0VJQ0FnSURoZ2R6SnlnRRAB,Shinoob X,5,one of the best company for freshers to make their future career better,9 months ago,2023-03-27 21:45:30.266647,,,,0,6,3,https://www.google.com/maps/contrib/115029490818466454088/reviews?entry=ttu,False,,
ChIJYZf0HXIVrjsRnjGnQ4DgDw4,Wyzmindz Solutions,ChdDSUhNMG9nS0VJQ0FnSURoZ2VUVHFRRRAB,shalini B,5,,9 months ago,2023-03-27 21:45:30.268645,,,,0,1,,https://www.google.com/maps/contrib/115771716627516331524/reviews?entry=ttu,False,,
ChIJYZf0HXIVrjsRnjGnQ4DgDw4,Wyzmindz Solutions,ChdDSUhNMG9nS0VJQ0FnSURoZ2NpQ3JnRRAB,patil bhuvana,5,Wonderful place to work and learn.,9 months ago,2023-03-27 21:45:30.270646,,,,0,4,,https://www.google.com/maps/contrib/101506319512988235730/reviews?entry=ttu,False,,
ChIJYZf0HXIVrjsRnjGnQ4DgDw4,Wyzmindz Solutions,ChdDSUhNMG9nS0VJQ0FnSURJblktMnVRRRAB,Rudrappa Mirekar,5,Wonderful place to work with. Innovative software products and healthy work environment. Very passionate and professional team.,9 months ago,2023-03-27 21:45:30.273643,,,,0,168,1,https://www.google.com/maps/contrib/109428708140243529625/reviews?entry=ttu,True,,
ChIJYZf0HXIVrjsRnjGnQ4DgDw4,Wyzmindz Solutions,ChdDSUhNMG9nS0VJQ0FnSUNhOV95ODFRRRAB,Asmith Rathod,5,I am working as a Assistant Manager in WyzMindz from last 4 years. Multiple opportunities to move from Quality Auditing to Data Analyst was provided by the company. Have learnt a lot. Good place to work. Learned a lot,9 months ago,2023-03-27 21:45:30.978436,,,,0,4,5,https://www.google.com/maps/contrib/112402479655793834592/reviews?entry=ttu,False,,
ChIJYZf0HXIVrjsRnjGnQ4DgDw4,Wyzmindz Solutions,ChdDSUhNMG9nS0VJQ0FnSURhbU1uRzR3RRAB,Shreyas k,5,Home to grow your career and show your WORK SKILLS. Best team with friendly Management team to learn new concepts. Thanks to WYZMINDZ,9 months ago,2023-03-27 21:45:30.981437,,,,1,6,,https://www.google.com/maps/contrib/111381110552824994491/reviews?entry=ttu,False,,
ChIJYZf0HXIVrjsRnjGnQ4DgDw4,Wyzmindz Solutions,ChZDSUhNMG9nS0VJQ0FnSURoX3ZmbUlREAE,Chanchal Vardhan,4,"Great Work culture, customer as well as employee centric company.....",9 months ago,2023-03-27 21:45:30.983435,,,,0,1,,https://www.google.com/maps/contrib/117453740823802626478/reviews?entry=ttu,False,,
ChIJYZf0HXIVrjsRnjGnQ4DgDw4,Wyzmindz Solutions,ChdDSUhNMG9nS0VJQ0FnSURoME9ESXpRRRAB,abhisek sarkhel,5,Very comfortable interview procedure. The HRS are very nice to you.,10 months ago,2023-02-27 21:45:30.986436,,,,0,96,613,https://www.google.com/maps/contrib/115326834912503239337/reviews?entry=ttu,True,,
ChIJYZf0HXIVrjsRnjGnQ4DgDw4,Wyzmindz Solutions,ChZDSUhNMG9nS0VJQ0FnSURCZ18zUExBEAE,Girish s Girish s,5,Wyzmindz solutions for now and then we are,11 months ago,2023-01-27 21:45:30.988436,,,,0,58,52,https://www.google.com/maps/contrib/106672434655398643728/reviews?entry=ttu,True,,
ChIJYZf0HXIVrjsRnjGnQ4DgDw4,Wyzmindz Solutions,ChdDSUhNMG9nS0VJQ0FnSUQtaXBldXZnRRAB,sharanayya hiremath,5,,a year ago,2022-12-27 21:45:30.991436,,,,0,28,9,https://www.google.com/maps/contrib/107365083800608578152/reviews?entry=ttu,True,,
ChIJYZf0HXIVrjsRnjGnQ4DgDw4,Wyzmindz Solutions,ChZDSUhNMG9nS0VJQ0FnSUNlbmN5Qkh3EAE,Gaurav Singh,5,,a year ago,2022-12-27 21:45:30.993436,,,,0,38,85,https://www.google.com/maps/contrib/106996430765815272251/reviews?entry=ttu,True,,
ChIJYZf0HXIVrjsRnjGnQ4DgDw4,Wyzmindz Solutions,ChdDSUhNMG9nS0VJQ0FnSUR1aE82UW93RRAB,Jalapathi vijay kumar Jalapathi Vijay kumar,5,,a year ago,2022-12-27 21:45:30.995434,,,,0,18,112,https://www.google.com/maps/contrib/108310077166599435058/reviews?entry=ttu,True,,
ChIJYZf0HXIVrjsRnjGnQ4DgDw4,Wyzmindz Solutions,ChdDSUhNMG9nS0VJQ0FnSUN1eVk2dHFRRRAB,Sushil Patil,1,I heard that if we put papers in this company then we have to serve 3 months notice period without salary..... correct me guys if i m wrong.....,a year ago,2022-12-27 21:45:30.997444,,,,2,2,,https://www.google.com/maps/contrib/117837916470478612755/reviews?entry=ttu,False,,
ChIJYZf0HXIVrjsRnjGnQ4DgDw4,Wyzmindz Solutions,ChdDSUhNMG9nS0VJQ0FnSURPN2VldTRnRRAB,Sohini Paul,1,"Worst company ever, if you can actually call it a company. Does not follow any decent company policies. Does not provide payslips to employees to stop from leaving company. No paid leaves are provided by the company during internship(3months) or probation period(6 months). So,  if you join as intern then you have to be prepared to not be sick for 9 months straight. Takes advantage of freshers in the name of giving opportunity. No extra benefits are provided by company. Gives full responsibility to interns but keep them in internship to pay less money. Other companies also provide opportunity to freshers.  Dont join just to get an opportunity to begin your career. Other companies are there which will not destroy your morale and future.",a year ago,2022-12-27 21:45:31.000444,,,,14,2,,https://www.google.com/maps/contrib/111015217328274314950/reviews?entry=ttu,False,,
ChIJYZf0HXIVrjsRnjGnQ4DgDw4,Wyzmindz Solutions,ChdDSUhNMG9nS0VJQ0FnSUQybE9HQnVBRRAB,Prajwal yar,1,,a year ago,2022-12-27 21:45:31.606821,,,,0,4,,https://www.google.com/maps/contrib/106795748117168806142/reviews?entry=ttu,False,,
ChIJYZf0HXIVrjsRnjGnQ4DgDw4,Wyzmindz Solutions,ChZDSUhNMG9nS0VJQ0FnSUMybXVPWUhBEAE,Check Google Active,1,"Not interested working on there , employees cat stop here, they will run to far",a year ago,2022-12-27 21:45:31.609944,,,,2,10,12,https://www.google.com/maps/contrib/112721100376521624398/reviews?entry=ttu,False,,
ChIJYZf0HXIVrjsRnjGnQ4DgDw4,Wyzmindz Solutions,ChZDSUhNMG9nS0VJQ0FnSUNXcFB5SWNnEAE,Tineshkumar B,5,,a year ago,2022-12-27 21:45:31.611937,,,,0,12,,https://www.google.com/maps/contrib/111690720876750375197/reviews?entry=ttu,True,,
ChIJYZf0HXIVrjsRnjGnQ4DgDw4,Wyzmindz Solutions,ChdDSUhNMG9nS0VJQ0FnSURHeDdDQzFnRRAB,Tilak Raj,5,,2 years ago,2021-12-27 21:45:31.613936,,,,0,4,3,https://www.google.com/maps/contrib/107483841736545439921/reviews?entry=ttu,False,,
ChIJYZf0HXIVrjsRnjGnQ4DgDw4,Wyzmindz Solutions,ChdDSUhNMG9nS0VJQ0FnSURHNllhN25nRRAB,J Shyam Balaji,4,,2 years ago,2021-12-27 21:45:31.615950,,,,0,28,4,https://www.google.com/maps/contrib/103489480112489576582/reviews?entry=ttu,True,,
ChIJYZf0HXIVrjsRnjGnQ4DgDw4,Wyzmindz Solutions,ChZDSUhNMG9nS0VJQ0FnSUNHbHN5bkRnEAE,Srikanth Nagarajan,5,"Fantastic management that has highest focus on Clients & Employees.  Management comes up with new initiatives and also finds various means to help the employees hone & learn new skills.  If you have the passion and zeal, this is the right company.",2 years ago,2021-12-27 21:45:31.617942,,,,3,5,,https://www.google.com/maps/contrib/113715692739278908912/reviews?entry=ttu,False,,
ChIJYZf0HXIVrjsRnjGnQ4DgDw4,Wyzmindz Solutions,ChZDSUhNMG9nS0VJQ0FnSUM2NjhMZk53EAE,ANEETTA ANNA JOHN,5,,2 years ago,2021-12-27 21:45:31.619946,Thanks Aneetta!,2 years ago,2021-12-27 21:45:31.619946,0,2,21,https://www.google.com/maps/contrib/105180635017833933232/reviews?entry=ttu,False,,
ChIJYZf0HXIVrjsRnjGnQ4DgDw4,Wyzmindz Solutions,ChZDSUhNMG9nS0VJQ0FnSUM2Mk4tRUpBEAE,Bhavani Shanker,5,,2 years ago,2021-12-27 21:45:31.621941,,,,0,1,,https://www.google.com/maps/contrib/115789998857334913629/reviews?entry=ttu,True,,
ChIJYZf0HXIVrjsRnjGnQ4DgDw4,Wyzmindz Solutions,ChdDSUhNMG9nS0VJQ0FnSURhb3NyRDR3RRAB,ShriRanjan M,5,"Its very good company to learn , management is very good",2 years ago,2021-12-27 21:45:31.624170,,,,0,1,,https://www.google.com/maps/contrib/118132532891452041690/reviews?entry=ttu,False,,
ChIJYZf0HXIVrjsRnjGnQ4DgDw4,Wyzmindz Solutions,ChZDSUhNMG9nS0VJQ0FnSURhb3UyblpREAE,Zeeshan Shariff,5,Excellent place to work if you have the ability to learn and grow. Management has all the skills which can be transformed into you to make you a better person and compitable individual in the market.. A company cannot be measured only in terms of monetary... It is a home for many who did know anything initially but they invested at individual level. Today those employees represent top MNC with lot of talent and pride.. Thank you wyzmindz management team for providing us a opportunity when no others did!!! Only company while you earn while you also learn each individual day!,2 years ago,2021-12-27 21:45:31.626160,,,,6,2,3,https://www.google.com/maps/contrib/117079136464605508430/reviews?entry=ttu,False,,
ChIJYZf0HXIVrjsRnjGnQ4DgDw4,Wyzmindz Solutions,ChdDSUhNMG9nS0VJQ0FnSURhb28zeW1nRRAB,Kiran Koushik,5,Good company for freshers to learn and build their career.,2 years ago,2021-12-27 21:45:32.289642,,,,0,3,9,https://www.google.com/maps/contrib/113500652559511821584/reviews?entry=ttu,False,,
ChIJYZf0HXIVrjsRnjGnQ4DgDw4,Wyzmindz Solutions,ChZDSUhNMG9nS0VJQ0FnSURhb3RteEx3EAE,akash h s akash,5,Best company for freshers to start their carrer. Very friendly colleagues and good environment.,2 years ago,2021-12-27 21:45:32.291640,,,,2,3,,https://www.google.com/maps/contrib/104569348608840649994/reviews?entry=ttu,False,,
ChIJYZf0HXIVrjsRnjGnQ4DgDw4,Wyzmindz Solutions,ChdDSUhNMG9nS0VJQ0FnSURhb29tZnN3RRAB,Aqeeb HJ,5,"I have working with Wyzmindz for almost 2 years and 2 months, I was posted as android developer for work location in Bengaluru. My experience was as below:- a) Work life balance was 4 on 5 b) Trainings platform provided by wyzmindz is very good.",2 years ago,2021-12-27 21:45:32.294801,,,,1,17,19,https://www.google.com/maps/contrib/112248767156109306910/reviews?entry=ttu,False,,
ChIJYZf0HXIVrjsRnjGnQ4DgDw4,Wyzmindz Solutions,ChdDSUhNMG9nS0VJQ0FnSURhb3Q3RGxBRRAB,Manju S B,5,Wonderful company to learn new things and help to build a great carrier,2 years ago,2021-12-27 21:45:32.296802,,,,2,11,1,https://www.google.com/maps/contrib/105128941061946424563/reviews?entry=ttu,False,,
ChIJYZf0HXIVrjsRnjGnQ4DgDw4,Wyzmindz Solutions,ChdDSUhNMG9nS0VJQ0FnSURhb3E3VnVnRRAB,Vrushank Dutt,5,,2 years ago,2021-12-27 21:45:32.298956,,,,0,1,,https://www.google.com/maps/contrib/109107968331571389350/reviews?entry=ttu,False,,
ChIJYZf0HXIVrjsRnjGnQ4DgDw4,Wyzmindz Solutions,ChdDSUhNMG9nS0VJQ0FnSUNzeDVlSjRnRRAB,Hemanthkumar ck,4,,2 years ago,2021-12-27 21:45:32.300956,,,,0,1,,https://www.google.com/maps/contrib/101404620595494570789/reviews?entry=ttu,False,,
ChIJYZf0HXIVrjsRnjGnQ4DgDw4,Wyzmindz Solutions,ChZDSUhNMG9nS0VJQ0FnSURhb3VyVGVREAE,Chandra Shekhar,5,I am collaborating with WyzMindz founding team for over 10 years now. Top recommended !!,2 years ago,2021-12-27 21:45:32.303088,,,,0,1,,https://www.google.com/maps/contrib/105301168670346934783/reviews?entry=ttu,False,,
ChIJYZf0HXIVrjsRnjGnQ4DgDw4,Wyzmindz Solutions,ChdDSUhNMG9nS0VJQ0FnSUNnamU2bG9RRRAB,Ranjan m,5,"Its very good company for freshers which provides very good exposure... Even in lockdown this company did not cut too much salary or Did not remove any of the employee from the company... Company is now really growing very well, dont hesitate to join this company if you got an opportunity...",2 years ago,2021-12-27 21:45:32.305117,,,,1,57,5,https://www.google.com/maps/contrib/110457806978899356890/reviews?entry=ttu,True,,
ChIJYZf0HXIVrjsRnjGnQ4DgDw4,Wyzmindz Solutions,ChdDSUhNMG9nS0VJQ0FnSURhd01UVjZnRRAB,vikesh singh,5,"Joined as a quality auditor, today a Team leader in Data Analytics team. Learned a lot during my tenure. Good flexible environment",2 years ago,2021-12-27 21:45:32.307117,,,,1,4,,https://www.google.com/maps/contrib/101648015838216632687/reviews?entry=ttu,False,,
ChIJYZf0HXIVrjsRnjGnQ4DgDw4,Wyzmindz Solutions,ChZDSUhNMG9nS0VJQ0FnSURxbWF2a0VnEAE,Pankaj kumar Mishra,4,,2 years ago,2021-12-27 21:45:32.309278,,,,0,97,416,https://www.google.com/maps/contrib/112046162375791416505/reviews?entry=ttu,True,,
ChIJYZf0HXIVrjsRnjGnQ4DgDw4,Wyzmindz Solutions,ChZDSUhNMG9nS0VJQ0FnSUN5NHRxZWVnEAE,Hemalata Behera,5,,2 years ago,2021-12-27 21:45:32.946012,,,,0,8,12,https://www.google.com/maps/contrib/108630193518214640630/reviews?entry=ttu,True,,
ChIJYZf0HXIVrjsRnjGnQ4DgDw4,Wyzmindz Solutions,ChdDSUhNMG9nS0VJQ0FnSURDOGQyV19BRRAB,vibha Asherr,5,The Best. Amazing experience. Thank you,3 years ago,2020-12-27 21:45:32.949074,,,,0,21,,https://www.google.com/maps/contrib/113223697756667842826/reviews?entry=ttu,True,,
ChIJYZf0HXIVrjsRnjGnQ4DgDw4,Wyzmindz Solutions,ChdDSUhNMG9nS0VJQ0FnSURjaUxTVWxBRRAB,Rajat Dwivedi,5,,3 years ago,2020-12-27 21:45:32.951131,,,,0,1,,https://www.google.com/maps/contrib/115097537989285584407/reviews?entry=ttu,False,,
ChIJYZf0HXIVrjsRnjGnQ4DgDw4,Wyzmindz Solutions,ChdDSUhNMG9nS0VJQ0FnSURNMzZ6aHh3RRAB,Gopi Krishna,3,Less package providers,3 years ago,2020-12-27 21:45:32.954154,,,,4,238,1863,https://www.google.com/maps/contrib/106171348444795510368/reviews?entry=ttu,True,,
ChIJYZf0HXIVrjsRnjGnQ4DgDw4,Wyzmindz Solutions,ChZDSUhNMG9nS0VJQ0FnSURNOWRpaURnEAE,mani gandan,5,Lovely,3 years ago,2020-12-27 21:45:32.957155,,,,0,3,1,https://www.google.com/maps/contrib/106032550363187506391/reviews?entry=ttu,False,,
ChIJYZf0HXIVrjsRnjGnQ4DgDw4,Wyzmindz Solutions,ChZDSUhNMG9nS0VJQ0FnSURNaXFxSVdREAE,navaneeth krishna,4,,4 years ago,2019-12-27 21:45:32.958673,,,,0,2,2,https://www.google.com/maps/contrib/117658812462367519929/reviews?entry=ttu,False,,
ChIJYZf0HXIVrjsRnjGnQ4DgDw4,Wyzmindz Solutions,ChdDSUhNMG9nS0VJQ0FnSURNLU43bnFRRRAB,Muniraju S Raju,5,I love this company,4 years ago,2019-12-27 21:45:32.961744,,,,0,4,6,https://www.google.com/maps/contrib/114825622927167665433/reviews?entry=ttu,False,,
ChIJYZf0HXIVrjsRnjGnQ4DgDw4,Wyzmindz Solutions,ChdDSUhNMG9nS0VJQ0FnSURRZzZtMDlRRRAB,Mahesh Reddy,5,Good company to start your career as a fresher......,4 years ago,2019-12-27 21:45:32.963750,,,,2,8,,https://www.google.com/maps/contrib/107702768573881520693/reviews?entry=ttu,False,,
ChIJYZf0HXIVrjsRnjGnQ4DgDw4,Wyzmindz Solutions,ChdDSUhNMG9nS0VJQ0FnSUNNMV9QNWp3RRAB,Poovanna P K,5,"I am very thankful to wyzmindz, i would not like to share any cons on the work place, because every startup companies will have a draw back on infrastructure and employee benefits, well that should not be a complaint, but i am glad that i have learnt IT related stuff in this company, also i would thank to my senior Lakshmikanth Sir, who guided me well, not as a leader nor a boss, he taught me as a friend.",4 years ago,2019-12-27 21:45:32.966748,,,,1,35,,https://www.google.com/maps/contrib/112093749967498407521/reviews?entry=ttu,True,,
ChIJYZf0HXIVrjsRnjGnQ4DgDw4,Wyzmindz Solutions,ChRDSUhNMG9nS0VJQ0FnSUQwNHFGeBAB,Ravikumar B K,2,,4 years ago,2019-12-27 21:45:32.968747,,,,0,78,47,https://www.google.com/maps/contrib/107316340913461740212/reviews?entry=ttu,True,,
ChIJYZf0HXIVrjsRnjGnQ4DgDw4,Wyzmindz Solutions,ChdDSUhNMG9nS0VJQ0FnSURrM2UtYjFBRRAB,Nikesh Madabal,5,Best place for freshers to learn Good management Friendly seniors,4 years ago,2019-12-27 21:45:33.602116,,,,0,10,3,https://www.google.com/maps/contrib/114947116161709624639/reviews?entry=ttu,True,,
ChIJYZf0HXIVrjsRnjGnQ4DgDw4,Wyzmindz Solutions,ChZDSUhNMG9nS0VJQ0FnSUMwemFhZkNnEAE,girish nuthalapati,5,Job opportunity,4 years ago,2019-12-27 21:45:33.604115,,,,2,37,9,https://www.google.com/maps/contrib/114413767725353268175/reviews?entry=ttu,True,,
ChIJYZf0HXIVrjsRnjGnQ4DgDw4,Wyzmindz Solutions,ChZDSUhNMG9nS0VJQ0FnSUMweVlTZkx3EAE,Inder pal,2,,4 years ago,2019-12-27 21:45:33.607117,,,,0,23,51,https://www.google.com/maps/contrib/105864367568043879475/reviews?entry=ttu,True,,
ChIJYZf0HXIVrjsRnjGnQ4DgDw4,Wyzmindz Solutions,ChdDSUhNMG9nS0VJQ0FnSUMwbkpmbS13RRAB,Jitendra Gupta,1,no comments. Think about the rating and judge your self.....,4 years ago,2019-12-27 21:45:33.609635,,,,3,1,,https://www.google.com/maps/contrib/116662484397640873913/reviews?entry=ttu,False,,
ChIJYZf0HXIVrjsRnjGnQ4DgDw4,Wyzmindz Solutions,ChdDSUhNMG9nS0VJQ0FnSUMweElPdHp3RRAB,Sridhar Bhupal,5,,4 years ago,2019-12-27 21:45:33.611635,,,,0,4,,https://www.google.com/maps/contrib/116286405352348196265/reviews?entry=ttu,False,,
ChIJYZf0HXIVrjsRnjGnQ4DgDw4,Wyzmindz Solutions,ChdDSUhNMG9nS0VJQ0FnSUNVdTdfZHF3RRAB,jitendra goswami,1,Not good environment to work and behavior not good,4 years ago,2019-12-27 21:45:33.613633,,,,2,94,32,https://www.google.com/maps/contrib/112217211005268809797/reviews?entry=ttu,True,,
ChIJYZf0HXIVrjsRnjGnQ4DgDw4,Wyzmindz Solutions,ChdDSUhNMG9nS0VJQ0FnSUM0a0xUVzR3RRAB,pradeep Pk,5,This is best learning place compare to other companies,4 years ago,2019-12-27 21:45:33.616635,,,,2,5,6,https://www.google.com/maps/contrib/114020232823259031330/reviews?entry=ttu,False,,
ChIJYZf0HXIVrjsRnjGnQ4DgDw4,Wyzmindz Solutions,ChdDSUhNMG9nS0VJQ0FnSURZbHQzNHp3RRAB,mani kanta,4,,4 years ago,2019-12-27 21:45:33.618634,,,,0,18,1,https://www.google.com/maps/contrib/110946184292261134342/reviews?entry=ttu,False,,
ChIJYZf0HXIVrjsRnjGnQ4DgDw4,Wyzmindz Solutions,ChZDSUhNMG9nS0VJQ0FnSUN3NE52WEJREAE,Sriranjan Manjunath,5,Nice Company to learn,4 years ago,2019-12-27 21:45:33.621631,,,,0,24,4,https://www.google.com/maps/contrib/116356101404882990640/reviews?entry=ttu,True,,
ChIJYZf0HXIVrjsRnjGnQ4DgDw4,Wyzmindz Solutions,ChdDSUhNMG9nS0VJQ0FnSURvM3RDRHVnRRAB,Mehul Patel,5,Very nice place infrastructure is good,4 years ago,2019-12-27 21:45:33.624633,,,,0,108,10,https://www.google.com/maps/contrib/118326542465016430185/reviews?entry=ttu,True,,
ChIJYZf0HXIVrjsRnjGnQ4DgDw4,Wyzmindz Solutions,ChZDSUhNMG9nS0VJQ0FnSUNvZzh2ekZREAE,bharat odwani,1,pathetic company.,4 years ago,2019-12-27 21:45:34.321786,"Hello Bharat, Please suggest if we can help you with any specific issue. Share the details on hr@wyzmindz.com. Thanks, Team WyzMindz",4 years ago,2019-12-27 21:45:34.321786,2,2,,https://www.google.com/maps/contrib/104117313367236457917/reviews?entry=ttu,False,,
ChIJYZf0HXIVrjsRnjGnQ4DgDw4,Wyzmindz Solutions,ChdDSUhNMG9nS0VJQ0FnSUNvMXNHenZBRRAB,Manojkumar Rolli,5,Great to work here. Learnt a lot,4 years ago,2019-12-27 21:45:34.324787,,,,0,12,23,https://www.google.com/maps/contrib/107251031811572814504/reviews?entry=ttu,True,,
ChIJYZf0HXIVrjsRnjGnQ4DgDw4,Wyzmindz Solutions,ChdDSUhNMG9nS0VJQ0FnSURJdFBUVjZ3RRAB,Prama Nayagam,5,,5 years ago,2018-12-27 21:45:34.327787,,,,0,7,,https://www.google.com/maps/contrib/108866874723052316815/reviews?entry=ttu,False,,
ChIJYZf0HXIVrjsRnjGnQ4DgDw4,Wyzmindz Solutions,ChdDSUhNMG9nS0VJQ0FnSUNJbDVuRC1BRRAB,Soumya Kabade,5,"Good place to work, friendly environment.",5 years ago,2018-12-27 21:45:34.328786,,,,0,54,18,https://www.google.com/maps/contrib/110791890853333156930/reviews?entry=ttu,True,,
ChIJYZf0HXIVrjsRnjGnQ4DgDw4,Wyzmindz Solutions,ChdDSUhNMG9nS0VJQ0FnSUNnLWJfbDV3RRAB,Suman Raju,4,,5 years ago,2018-12-27 21:45:34.331784,Thanks Suman.,5 years ago,2018-12-27 21:45:34.331784,0,16,6,https://www.google.com/maps/contrib/111371804039629952265/reviews?entry=ttu,True,,
ChIJYZf0HXIVrjsRnjGnQ4DgDw4,Wyzmindz Solutions,ChdDSUhNMG9nS0VJQ0FnSUNJaS1HYTdnRRAB,Joshua Darius,5,,5 years ago,2018-12-27 21:45:34.333787,,,,0,48,,https://www.google.com/maps/contrib/111343734801137662143/reviews?entry=ttu,True,,
ChIJYZf0HXIVrjsRnjGnQ4DgDw4,Wyzmindz Solutions,ChZDSUhNMG9nS0VJQ0FnSUNnOXRxUlhBEAE,Rahul Kumar,4,,5 years ago,2018-12-27 21:45:34.335784,,,,0,4,10,https://www.google.com/maps/contrib/114818350330964593384/reviews?entry=ttu,True,,
ChIJYZf0HXIVrjsRnjGnQ4DgDw4,Wyzmindz Solutions,ChdDSUhNMG9nS0VJQ0FnSUNnMktLMXp3RRAB,Chandrashekhar N,3,,5 years ago,2018-12-27 21:45:34.338861,,,,0,23,9,https://www.google.com/maps/contrib/102419570037867107837/reviews?entry=ttu,True,,
ChIJYZf0HXIVrjsRnjGnQ4DgDw4,Wyzmindz Solutions,ChZDSUhNMG9nS0VJQ0FnSUN3NTZXRVdBEAE,Mahidhar Sastry,5,,5 years ago,2018-12-27 21:45:34.340870,,,,0,,,https://www.google.com/maps/contrib/116587355677775768278/reviews?entry=ttu,True,,
ChIJYZf0HXIVrjsRnjGnQ4DgDw4,Wyzmindz Solutions,ChZDSUhNMG9nS0VJQ0FnSURBNGFLR0V3EAE,Kuhel Chowdhury,3,,5 years ago,2018-12-27 21:45:34.342868,,,,0,24,,https://www.google.com/maps/contrib/114939668053553281050/reviews?entry=ttu,True,,
ChIJYZf0HXIVrjsRnjGnQ4DgDw4,Wyzmindz Solutions,ChZDSUhNMG9nS0VJQ0FnSUN3bDVqSE9REAE,Evolution,2,Its kind of start up. Space is very less. Small company.,5 years ago,2018-12-27 21:45:34.959954,,,,3,164,85,https://www.google.com/maps/contrib/111353864358972169305/reviews?entry=ttu,True,,
ChIJYZf0HXIVrjsRnjGnQ4DgDw4,Wyzmindz Solutions,ChZDSUhNMG9nS0VJQ0FnSUNneGFXOUpnEAE,MOHAMMED ISMAIL,2,Waste of time,5 years ago,2018-12-27 21:45:34.962050,,,,4,30,3,https://www.google.com/maps/contrib/100732670976804239375/reviews?entry=ttu,True,,
ChIJYZf0HXIVrjsRnjGnQ4DgDw4,Wyzmindz Solutions,ChZDSUhNMG9nS0VJQ0FnSUNBXzVxY1dBEAE,Mono Khadll,5,Good team to work with,5 years ago,2018-12-27 21:45:34.965051,,,,0,1,,https://www.google.com/maps/contrib/104972110494290635282/reviews?entry=ttu,False,,
ChIJYZf0HXIVrjsRnjGnQ4DgDw4,Wyzmindz Solutions,ChdDSUhNMG9nS0VJQ0FnSURnNnFMZDlRRRAB,Preetam Jawaria,1,"was called here for an experienced professional interview. But it was written test of quantitative ability , logical reasoning and then was told to leave as panel is not available. After that no call and mail.",5 years ago,2018-12-27 21:45:34.967048,,,,6,2,,https://www.google.com/maps/contrib/109479287156587898078/reviews?entry=ttu,False,,
ChIJYZf0HXIVrjsRnjGnQ4DgDw4,Wyzmindz Solutions,ChdDSUhNMG9nS0VJQ0FnSUNRLU8yd3ZBRRAB,SYAM SP,2,,5 years ago,2018-12-27 21:45:34.969047,,,,0,48,101,https://www.google.com/maps/contrib/112228836492122977294/reviews?entry=ttu,True,,
ChIJYZf0HXIVrjsRnjGnQ4DgDw4,Wyzmindz Solutions,ChdDSUhNMG9nS0VJQ0FnSURBNjcyNHBnRRAB,Sridhar Khatavkar,1,,5 years ago,2018-12-27 21:45:34.971065,,,,0,2,4,https://www.google.com/maps/contrib/108240583953053026343/reviews?entry=ttu,True,,
ChIJYZf0HXIVrjsRnjGnQ4DgDw4,Wyzmindz Solutions,ChdDSUhNMG9nS0VJQ0FnSUNRaTZmeDV3RRAB,Nagarjun KN,4,,5 years ago,2018-12-27 21:45:34.973007,,,,0,4,27,https://www.google.com/maps/contrib/106450039869192601443/reviews?entry=ttu,True,,
ChIJYZf0HXIVrjsRnjGnQ4DgDw4,Wyzmindz Solutions,ChZDSUhNMG9nS0VJQ0FnSURBM0xqN1lBEAE,Kandikattu Suresh,1,Jaffa company.. doesnt have proper panel to conduct interviews. Who ever is free in office they will call that guy to interview.. Not even  1,5 years ago,2018-12-27 21:45:34.975048,,,,7,48,13,https://www.google.com/maps/contrib/108933514731479764933/reviews?entry=ttu,True,,
ChIJYZf0HXIVrjsRnjGnQ4DgDw4,Wyzmindz Solutions,ChdDSUhNMG9nS0VJQ0FnSURBNHU2SS1RRRAB,Shivaraj Shettar,4,,5 years ago,2018-12-27 21:45:34.977060,,,,0,12,15,https://www.google.com/maps/contrib/114318390425772332321/reviews?entry=ttu,True,,
ChIJYZf0HXIVrjsRnjGnQ4DgDw4,Wyzmindz Solutions,ChdDSUhNMG9nS0VJQ0FnSURRZy1fSDNnRRAB,Kartikey Sharma,1,"Never pay their vendors on time promptly. Unthical company in market. They dont pick up calls, block the numbers too.  Not worth doing business. Pathetic company to work .",5 years ago,2018-12-27 21:45:34.979055,,,,8,88,428,https://www.google.com/maps/contrib/101756289956686695241/reviews?entry=ttu,True,,
ChIJYZf0HXIVrjsRnjGnQ4DgDw4,Wyzmindz Solutions,ChZDSUhNMG9nS0VJQ0FnSUNnNnFIQVh3EAE,Anand Devanand,5,Excellent place to get services relating to IT,5 years ago,2018-12-27 21:45:35.642545,,,,1,18,10,https://www.google.com/maps/contrib/104065560939331064328/reviews?entry=ttu,True,,
ChIJYZf0HXIVrjsRnjGnQ4DgDw4,Wyzmindz Solutions,ChdDSUhNMG9nS0VJQ0FnSUNnNExic3N3RRAB,Srinath Rao,5,,6 years ago,2017-12-27 21:45:35.645537,,,,0,17,,https://www.google.com/maps/contrib/112968084898526981307/reviews?entry=ttu,True,,
ChIJYZf0HXIVrjsRnjGnQ4DgDw4,Wyzmindz Solutions,ChdDSUhNMG9nS0VJQ0FnSUNRbUxUMXlnRRAB,MAHEESH KUMARR puppala,4,,6 years ago,2017-12-27 21:45:35.647632,,,,0,1,,https://www.google.com/maps/contrib/105846113572800282079/reviews?entry=ttu,True,,
ChIJYZf0HXIVrjsRnjGnQ4DgDw4,Wyzmindz Solutions,ChdDSUhNMG9nS0VJQ0FnSUNnX1pHYjhBRRAB,yogesh bishnoi,1,,6 years ago,2017-12-27 21:45:35.649544,,,,0,7,4,https://www.google.com/maps/contrib/101425625366326161234/reviews?entry=ttu,False,,
ChIJYZf0HXIVrjsRnjGnQ4DgDw4,Wyzmindz Solutions,ChZDSUhNMG9nS0VJQ0FnSUNRekw3ZVNBEAE,Rahul Kumar,4,,6 years ago,2017-12-27 21:45:35.650643,,,,0,2,1,https://www.google.com/maps/contrib/111159689887291239134/reviews?entry=ttu,False,,
ChIJYZf0HXIVrjsRnjGnQ4DgDw4,Wyzmindz Solutions,ChdDSUhNMG9nS0VJQ0FnSURncjd5andnRRAB,Sonu Sha,3,,6 years ago,2017-12-27 21:45:35.652634,,,,0,,,,,,
ChIJYZf0HXIVrjsRnjGnQ4DgDw4,Wyzmindz Solutions,ChZDSUhNMG9nS0VJQ0FnSUNneDlPblNnEAE,Pradeep kumar Pinaki,3,Good place...,6 years ago,2017-12-27 21:45:35.654631,,,,0,210,31,https://www.google.com/maps/contrib/113924271504369284194/reviews?entry=ttu,True,,
ChIJYZf0HXIVrjsRnjGnQ4DgDw4,Wyzmindz Solutions,ChZDSUhNMG9nS0VJQ0FnSURRNl9yYU1BEAE,Monilal Kumbhakar,1,1. No one knows whats happening. 2. Dumb HR who dont know what happening in company. 3. Lack working culture. All the negative reviews are true.,6 years ago,2017-12-27 21:45:35.657637,,,,11,5,73,https://www.google.com/maps/contrib/104624288959289988744/reviews?entry=ttu,True,,
ChIJYZf0HXIVrjsRnjGnQ4DgDw4,Wyzmindz Solutions,ChZDSUhNMG9nS0VJQ0FnSURnNzlqNFlBEAE,Sheshagiri K G,4,,6 years ago,2017-12-27 21:45:35.659631,,,,0,19,17,https://www.google.com/maps/contrib/113642982928849919275/reviews?entry=ttu,True,,
ChIJYZf0HXIVrjsRnjGnQ4DgDw4,Wyzmindz Solutions,ChdDSUhNMG9nS0VJQ0FnSURnMzhmeTZBRRAB,Shivachethana R K,4,,6 years ago,2017-12-27 21:45:35.661231,,,,0,3,,https://www.google.com/maps/contrib/116191668902295538796/reviews?entry=ttu,True,,
ChIJYZf0HXIVrjsRnjGnQ4DgDw4,Wyzmindz Solutions,ChZDSUhNMG9nS0VJQ0FnSURBX19UR0dnEAE,Shashikanth Dongre,1,"Cheaters! Never pay creditors promptly. They dont pick up calls, block the numbers too. Tell hundred lies. Not worth doing business. Disgusting. Giving 1 star, else Google wont accept review.",6 years ago,2017-12-27 21:45:36.295873,,,,7,45,22,https://www.google.com/maps/contrib/113977777611182552909/reviews?entry=ttu,True,,
ChIJYZf0HXIVrjsRnjGnQ4DgDw4,Wyzmindz Solutions,ChZDSUhNMG9nS0VJQ0FnSUNBME11OFRREAE,Sharath Bopanna,1,No Value For Those Employees Who Work On And Off the floor For Company..No Value For Workers..Just they use us till they get returns from u......Worst...internal politics....No promising Commitments to employees....RIP Wyzmindz.....,6 years ago,2017-12-27 21:45:36.297898,,,,6,4,,https://www.google.com/maps/contrib/113026623341378598067/reviews?entry=ttu,False,,
ChIJYZf0HXIVrjsRnjGnQ4DgDw4,Wyzmindz Solutions,ChZDSUhNMG9nS0VJQ0FnSUNRMXVPaVpREAE,rajat dwivedi,5,,6 years ago,2017-12-27 21:45:36.300899,,,,0,2,,https://www.google.com/maps/contrib/109343058178000112718/reviews?entry=ttu,False,,
ChIJYZf0HXIVrjsRnjGnQ4DgDw4,Wyzmindz Solutions,ChZDSUhNMG9nS0VJQ0FnSUNReXNEU0FnEAE,pnb metlife,1,"Fake Company, Never Full fill their commitments.",6 years ago,2017-12-27 21:45:36.302898,"Greetings ! Please help us understand your issue. Kindly share the details at complaints@wyzmindz.com and you will hear from us within 24 hrs. Looking forward to be useful. Thank you, Naveen complaints@wyzmindz.com",6 years ago,2017-12-27 21:45:36.302898,4,1,,https://www.google.com/maps/contrib/100833617687411400183/reviews?entry=ttu,False,,
ChIJYZf0HXIVrjsRnjGnQ4DgDw4,Wyzmindz Solutions,ChZDSUhNMG9nS0VJQ0FnSURBODRlRGRBEAE,Udjashan Singh,4,,7 years ago,2016-12-27 21:45:36.305897,,,,0,5,8,https://www.google.com/maps/contrib/114384645788964331692/reviews?entry=ttu,False,,
ChIJYZf0HXIVrjsRnjGnQ4DgDw4,Wyzmindz Solutions,ChZDSUhNMG9nS0VJQ0FnSURRM3UyWWRnEAE,Sylvester Melvin,5,Cool,7 years ago,2016-12-27 21:45:36.308091,,,,0,7,6,https://www.google.com/maps/contrib/103780749480363687772/reviews?entry=ttu,False,,
